Industry,Family,Occupation
Arts and Entertainment,Artistic Occupations,Accessory designer
Arts and Entertainment,Artistic Occupations,Advertising designer
Arts and Entertainment,Artistic Occupations,Animator
Arts and Entertainment,Artistic Occupations,Architect
Arts and Entertainment,Artistic Occupations,Art administrator
Arts and Entertainment,Artistic Occupations,Art therapist
Arts and Entertainment,Artistic Occupations,Artisan
Arts and Entertainment,Artistic Occupations,Arts administration
Arts and Entertainment,Artistic Occupations,Baker
Arts and Entertainment,Artistic Occupations,Ceramics artist
Arts and Entertainment,Artistic Occupations,Chief creative officer
Arts and Entertainment,Artistic Occupations,Colorist
Arts and Entertainment,Artistic Occupations,Comedian
Arts and Entertainment,Artistic Occupations,Concept Artist
Arts and Entertainment,Artistic Occupations,Curator
Arts and Entertainment,Artistic Occupations,Dancer
Arts and Entertainment,Artistic Occupations,Design director
Arts and Entertainment,Artistic Occupations,Design strategist
Arts and Entertainment,Artistic Occupations,Essayist
Arts and Entertainment,Artistic Occupations,Event planner
Arts and Entertainment,Artistic Occupations,Fashion designer
Arts and Entertainment,Artistic Occupations,Fine artist
Arts and Entertainment,Artistic Occupations,Floral designer
Arts and Entertainment,Artistic Occupations,Game designer
Arts and Entertainment,Artistic Occupations,Graphic designer
Arts and Entertainment,Artistic Occupations,Hairstylist
Arts and Entertainment,Artistic Occupations,Illustrator
Arts and Entertainment,Artistic Occupations,Interior designer
Arts and Entertainment,Artistic Occupations,Jewellery designer
Arts and Entertainment,Artistic Occupations,Lyricist
Arts and Entertainment,Artistic Occupations,Make-up artist
Arts and Entertainment,Artistic Occupations,Marine designer
Arts and Entertainment,Artistic Occupations,Media designer
Arts and Entertainment,Artistic Occupations,Musician
Arts and Entertainment,Artistic Occupations,Party planner
Arts and Entertainment,Artistic Occupations,Penciller
Arts and Entertainment,Artistic Occupations,Photographer
Arts and Entertainment,Artistic Occupations,Photojournalist
Arts and Entertainment,Artistic Occupations,Potter
Arts and Entertainment,Artistic Occupations,Production designer
Arts and Entertainment,Artistic Occupations,Sculptor
Arts and Entertainment,Artistic Occupations,Set decorator
Arts and Entertainment,Artistic Occupations,Set dresser
Arts and Entertainment,Artistic Occupations,Singer
Arts and Entertainment,Artistic Occupations,Tattoo artist
Arts and Entertainment,Artistic Occupations,Web designer
Arts and Entertainment,Artistic Occupations,Wedding planner
Arts and Entertainment,Artistic Occupations,Writer
Arts and Entertainment,Dance Occupations,Arts Administrator
Arts and Entertainment,Dance Occupations,Ballet dancer
Arts and Entertainment,Dance Occupations,Corps de ballet
Arts and Entertainment,Dance Occupations,Demi-soloist
Arts and Entertainment,Dance Occupations,Principal dancer
Arts and Entertainment,Dance Occupations,Soloist
Arts and Entertainment,Dance Occupations,Ballet historian
Arts and Entertainment,Dance Occupations,Ballet master
Arts and Entertainment,Dance Occupations,Choreographer
Arts and Entertainment,Dance Occupations,Dance critic
Arts and Entertainment,Dance Occupations,Dance historian
Arts and Entertainment,Dance Occupations,Dance notator
Arts and Entertainment,Dance Occupations,Dance scholar
Arts and Entertainment,Dance Occupations,Dance therapist
Arts and Entertainment,Dance Occupations,Dancer
Arts and Entertainment,Dance Occupations,Backup dancer
Arts and Entertainment,Dance Occupations,Caller (dancing)
Arts and Entertainment,Dance Occupations,Exotic dancer
Arts and Entertainment,Dance Occupations,Majorette (dancer)
Arts and Entertainment,Dance Occupations,Showgirl
Arts and Entertainment,Dance Occupations,Taxi dancer
Arts and Entertainment,Dance Occupations,Répétiteur
Arts and Entertainment,Entertainer Occupations,Acrobat
Arts and Entertainment,Entertainer Occupations,Actor
Arts and Entertainment,Entertainer Occupations,Archimime
Arts and Entertainment,Entertainer Occupations,Athlete
Arts and Entertainment,Entertainer Occupations,Barker
Arts and Entertainment,Entertainer Occupations,Beatboxer
Arts and Entertainment,Entertainer Occupations,Benshi
Arts and Entertainment,Entertainer Occupations,Bouffon
Arts and Entertainment,Entertainer Occupations,Circus performer
Arts and Entertainment,Entertainer Occupations,Clown
Arts and Entertainment,Entertainer Occupations,Club Hostess/Host
Arts and Entertainment,Entertainer Occupations,Comedian
Arts and Entertainment,Entertainer Occupations,Dancer
Arts and Entertainment,Entertainer Occupations,Drag queen
Arts and Entertainment,Entertainer Occupations,Drag king
Arts and Entertainment,Entertainer Occupations,Emcee
Arts and Entertainment,Entertainer Occupations,Filmmaker
Arts and Entertainment,Entertainer Occupations,Flag throwing
Arts and Entertainment,Entertainer Occupations,Flair bartender
Arts and Entertainment,Entertainer Occupations,Flatulist
Arts and Entertainment,Entertainer Occupations,Geisha
Arts and Entertainment,Entertainer Occupations,Go-go dancer
Arts and Entertainment,Entertainer Occupations,Harlequin
Arts and Entertainment,Entertainer Occupations,Host
Arts and Entertainment,Entertainer Occupations,Illusionist
Arts and Entertainment,Entertainer Occupations,Impressionist
Arts and Entertainment,Entertainer Occupations,Internet celebrity
Arts and Entertainment,Entertainer Occupations,Itinerant poet
Arts and Entertainment,Entertainer Occupations,Japanese idol
Arts and Entertainment,Entertainer Occupations,Jester
Arts and Entertainment,Entertainer Occupations,Kobzar
Arts and Entertainment,Entertainer Occupations,Lirnyk
Arts and Entertainment,Entertainer Occupations,Magician
Arts and Entertainment,Entertainer Occupations,Master of ceremonies
Arts and Entertainment,Entertainer Occupations,Mime
Arts and Entertainment,Entertainer Occupations,Minstrel
Arts and Entertainment,Entertainer Occupations,Monologist
Arts and Entertainment,Entertainer Occupations,Musician
Arts and Entertainment,Entertainer Occupations,Painter
Arts and Entertainment,Entertainer Occupations,Party princess
Arts and Entertainment,Entertainer Occupations,Performer
Arts and Entertainment,Entertainer Occupations,Photographer
Arts and Entertainment,Entertainer Occupations,Podcaster
Arts and Entertainment,Entertainer Occupations,Poet
Arts and Entertainment,Entertainer Occupations,Pornographic actor
Arts and Entertainment,Entertainer Occupations,Promotional model
Arts and Entertainment,Entertainer Occupations,Radio personality
Arts and Entertainment,Entertainer Occupations,Rapper
Arts and Entertainment,Entertainer Occupations,Rhapsode
Arts and Entertainment,Entertainer Occupations,Ring girl
Arts and Entertainment,Entertainer Occupations,Ringmaster
Arts and Entertainment,Entertainer Occupations,Scop
Arts and Entertainment,Entertainer Occupations,Shamakhi dancers
Arts and Entertainment,Entertainer Occupations,Showgirl
Arts and Entertainment,Entertainer Occupations,Showman
Arts and Entertainment,Entertainer Occupations,Showrunner
Arts and Entertainment,Entertainer Occupations,Singer
Arts and Entertainment,Entertainer Occupations,Skomorokh
Arts and Entertainment,Entertainer Occupations,Streamer
Arts and Entertainment,Entertainer Occupations,Street performer
Arts and Entertainment,Entertainer Occupations,Stunt performer
Arts and Entertainment,Entertainer Occupations,Theatre practitioner
Arts and Entertainment,Entertainer Occupations,TikToker
Arts and Entertainment,Entertainer Occupations,TV celebrity
Arts and Entertainment,Entertainer Occupations,Vedette
Arts and Entertainment,Entertainer Occupations,Writer
Arts and Entertainment,Entertainer Occupations,YouTuber
Arts and Entertainment,Film and Television Occupations,Animator
Arts and Entertainment,Film and Television Occupations,Cartoonist
Arts and Entertainment,Film and Television Occupations,Tweener
Arts and Entertainment,Film and Television Occupations,Casting Director
Arts and Entertainment,Film and Television Occupations,Cinematographer
Arts and Entertainment,Film and Television Occupations,Executive Producer
Arts and Entertainment,Film and Television Occupations,Film Director
Arts and Entertainment,Film and Television Occupations,Film Producer
Arts and Entertainment,Film and Television Occupations,Production Manager
Arts and Entertainment,Film and Television Occupations,Screenwriter
Arts and Entertainment,Film and Television Occupations,Stunt Coordinator
Arts and Entertainment,Film and Television Occupations,Showrunner
Arts and Entertainment,Film and Television Occupations,Televsion Director
Arts and Entertainment,Film and Television Occupations,Television Producer
Arts and Entertainment,Film and Television Occupations,Television Program Creator
Arts and Entertainment,Film and Television Occupations,Actor
Arts and Entertainment,Film and Television Occupations,Costume Designer
Arts and Entertainment,Film and Television Occupations,Lighting Technician
Arts and Entertainment,Film and Television Occupations,Make-up artist
Arts and Entertainment,Film and Television Occupations,News Presenter
Arts and Entertainment,Film and Television Occupations,Reporter
Arts and Entertainment,Film and Television Occupations,Newscaster
Arts and Entertainment,Film and Television Occupations,Anchorman
Arts and Entertainment,Film and Television Occupations,Screenwriter
Arts and Entertainment,Film and Television Occupations,Video Editor
Arts and Entertainment,Film and Television Occupations,Voice Actor
Arts and Entertainment,Film and Television Occupations,Weatherman
Arts and Entertainment,Theatre Occupations,Producer
Arts and Entertainment,Theatre Occupations,Director
Arts and Entertainment,Theatre Occupations,Playwright
Arts and Entertainment,Theatre Occupations,Dramaturge
Arts and Entertainment,Theatre Occupations,Scenic designer
Arts and Entertainment,Theatre Occupations,Scenographer
Arts and Entertainment,Theatre Occupations,Lighting designer
Arts and Entertainment,Theatre Occupations,Costume designer
Arts and Entertainment,Theatre Occupations,Set designer
Arts and Entertainment,Theatre Occupations,Sound designer
Arts and Entertainment,Theatre Occupations,Composer
Arts and Entertainment,Theatre Occupations,Music director
Arts and Entertainment,Theatre Occupations,Choreographer
Arts and Entertainment,Theatre Occupations,directive movement
Arts and Entertainment,Theatre Occupations,Fight director
Arts and Entertainment,Theatre Occupations,Intimacy coordinator
Arts and Entertainment,Theatre Occupations,Actor
Arts and Entertainment,Theatre Occupations,Audio engineer
Arts and Entertainment,Theatre Occupations,Backstage
Arts and Entertainment,Theatre Occupations,Carpenter and master carpenter
Arts and Entertainment,Theatre Occupations,Charge artist
Arts and Entertainment,Theatre Occupations,Dancer
Arts and Entertainment,Theatre Occupations,Electrician
Arts and Entertainment,Theatre Occupations,Fight director
Arts and Entertainment,Theatre Occupations,Front of house manager
Arts and Entertainment,Theatre Occupations,Intimacy director
Arts and Entertainment,Theatre Occupations,Lighting technician
Arts and Entertainment,Theatre Occupations,Master electrician
Arts and Entertainment,Theatre Occupations,Musician
Arts and Entertainment,Theatre Occupations,Paint crew
Arts and Entertainment,Theatre Occupations,Playbill writer
Arts and Entertainment,Theatre Occupations,Production manager
Arts and Entertainment,Theatre Occupations,Property master
Arts and Entertainment,Theatre Occupations,Publicist
Arts and Entertainment,Theatre Occupations,Sound Engineer
Arts and Entertainment,Theatre Occupations,Sound Technician (A1)
Arts and Entertainment,Theatre Occupations,Sound Technician (A2)
Arts and Entertainment,Theatre Occupations,Scenic artist
Arts and Entertainment,Theatre Occupations,Stagehands
Arts and Entertainment,Theatre Occupations,Stage manager
Arts and Entertainment,Theatre Occupations,ASM(Assistant Stage Manager)
Arts and Entertainment,Theatre Occupations,Technical director
Arts and Entertainment,Theatre Occupations,Theatrical technician
Arts and Entertainment,Theatre Occupations,Wardrobe supervisor
Arts and Entertainment,Theatre Occupations,Artistic director
Arts and Entertainment,Theatre Occupations,Theater manager
Arts and Entertainment,Theatre Occupations,Director of production
Arts and Entertainment,Theatre Occupations,Music Director
Arts and Entertainment,Theatre Occupations,Technical director
Arts and Entertainment,Theatre Occupations,Costume director
Arts and Entertainment,Theatre Occupations,Marketing director
Arts and Entertainment,Theatre Occupations,Director of public relations
Arts and Entertainment,Theatre Occupations,Director of audience services
Arts and Entertainment,Theatre Occupations,Director of development
Arts and Entertainment,Theatre Occupations,Director of special events
Arts and Entertainment,Theatre Occupations,Dramaturge
Arts and Entertainment,Theatre Occupations,Literary manager
Arts and Entertainment,Theatre Occupations,Company manager
Arts and Entertainment,Theatre Occupations,House manager
Arts and Entertainment,Theatre Occupations,Usher
Arts and Entertainment,Theatre Occupations,Ticketing agent
Arts and Entertainment,Theatre Occupations,Crew chief
Arts and Entertainment,Theatre Occupations,Janitor
Arts and Entertainment,Theatre Occupations,Dresser
Arts and Entertainment,Theatre Occupations,Stage crew
Arts and Entertainment,Theatre Occupations,Fly crew
Arts and Entertainment,Theatre Occupations,Light board operator
Arts and Entertainment,Theatre Occupations,Spotlight operator
Arts and Entertainment,Theatre Occupations,Grips
Arts and Entertainment,Theatre Occupations,Call boy
Arts and Entertainment,Theatre Occupations,Wardrobe Crew
Arts and Entertainment,Theatre Occupations,Character actor
Arts and Entertainment,Theatre Occupations,Pantomime dame
Arts and Entertainment,Theatre Occupations,Stagehand
Arts and Entertainment,Theatre Occupations,Running crew
Arts and Entertainment,Writing Occupations,Author
Arts and Entertainment,Writing Occupations,Blogger
Arts and Entertainment,Writing Occupations,Book coach
Arts and Entertainment,Writing Occupations,Commissioning editor
Arts and Entertainment,Writing Occupations,Copy editor
Arts and Entertainment,Writing Occupations,Creative consultant
Arts and Entertainment,Writing Occupations,Dog writer
Arts and Entertainment,Writing Occupations,Freelancer
Arts and Entertainment,Writing Occupations,Ghostwriter
Arts and Entertainment,Writing Occupations,Griot
Arts and Entertainment,Writing Occupations,Hack writer
Arts and Entertainment,Writing Occupations,Infopreneur
Arts and Entertainment,Writing Occupations,Investigative Journalist
Arts and Entertainment,Writing Occupations,Journalist
Arts and Entertainment,Writing Occupations,Literary editor
Arts and Entertainment,Writing Occupations,Manuscript format
Arts and Entertainment,Writing Occupations,Medical writing
Arts and Entertainment,Writing Occupations,Novelist
Arts and Entertainment,Writing Occupations,Poet
Arts and Entertainment,Writing Occupations,Polygraph (author)
Arts and Entertainment,Writing Occupations,Review
Arts and Entertainment,Writing Occupations,Screenwriter
Arts and Entertainment,Writing Occupations,Scribe
Arts and Entertainment,Writing Occupations,Script coordinator
Arts and Entertainment,Writing Occupations,Script doctor
Arts and Entertainment,Writing Occupations,Scrivener
Arts and Entertainment,Writing Occupations,Songwriter
Arts and Entertainment,Writing Occupations,Speechwriter
Arts and Entertainment,Writing Occupations,Staff writer
Arts and Entertainment,Writing Occupations,Technical writer
Arts and Entertainment,Writing Occupations,Website content writer
Arts and Entertainment,Writing Occupations,Writer
Business Administration,Corporate Titles,Chief administrative officer
Business Administration,Corporate Titles,Chief ANalytics Officer
Business Administration,Corporate Titles,Chief Brand Officer
Business Administration,Corporate Titles,Chief Business Development Officer
Business Administration,Corporate Titles,Chief Business Officer
Business Administration,Corporate Titles,Chief Cloud Officer
Business Administration,Corporate Titles,Chief Commercial Officer
Business Administration,Corporate Titles,Chief Communications Officer
Business Administration,Corporate Titles,Chief Compliance Officer
Business Administration,Corporate Titles,Chief Content Officer
Business Administration,Corporate Titles,Chief Creative Officer
Business Administration,Corporate Titles,Chief Customer Officer
Business Administration,Corporate Titles,Chief Data Officer
Business Administration,Corporate Titles,Chief Design Officer
Business Administration,Corporate Titles,Chief Digital Officer
Business Administration,Corporate Titles,Chief Diversity Officer
Business Administration,Corporate Titles,Chief Executive Officer
Business Administration,Corporate Titles,Chief Exerpience Officer
Business Administration,Corporate Titles,Chief Financial Officer
Business Administration,Corporate Titles,Chief Gaming Officer
Business Administration,Corporate Titles,Chief Genalogical Officer
Business Administration,Corporate Titles,Chief Growth Officer
Business Administration,Corporate Titles,Chief Human Resourcs Officer
Business Administration,Corporate Titles,Chief Information Officer
Business Administration,Corporate Titles,Chief Information Security Officer
Business Administration,Corporate Titles,Chief Innovation Officer
Business Administration,Corporate Titles,Chief Investment Officer
Business Administration,Corporate Titles,Chief Knowledge Officer
Business Administration,Corporate Titles,Chief Learning Officer
Business Administration,Corporate Titles,Chief Legal Officer
Business Administration,Corporate Titles,Chief Marketing Officer
Business Administration,Corporate Titles,Chief Operating Officer
Business Administration,Corporate Titles,Chief People Officer
Business Administration,Corporate Titles,Chief Privacy Officer
Business Administration,Corporate Titles,Chief Process Officer
Business Administration,Corporate Titles,Chief Product Officer
Business Administration,Corporate Titles,Chief Reputation Officer
Business Administration,Corporate Titles,Chief Research Officer
Business Administration,Corporate Titles,Chief Restructuring Officer
Business Administration,Corporate Titles,Chief Revenue Officer
Business Administration,Corporate Titles,Chief Risk Officer
Business Administration,Corporate Titles,Chief Scientific Officer
Business Administration,Corporate Titles,Chief Security Officer
Business Administration,Corporate Titles,Chief Services Officer
Business Administration,Corporate Titles,Chief Solutions Officer
Business Administration,Corporate Titles,Chief Strategy Officer
Business Administration,Corporate Titles,Chief Supply Chain Officer
Business Administration,Corporate Titles,Chief Sustainability Officer
Business Administration,Corporate Titles,Chief Technical Officer
Business Administration,Corporate Titles,Chief Technological Product Designer 
Business Administration,Corporate Titles,Chief Technology Officer
Business Administration,Corporate Titles,Chief Technical Security Officer
Business Administration,Corporate Titles,Chief Visibility Officer
Business Administration,Corporate Titles,Chief Visionary Officer
Business Administration,Corporate Titles,Chief Web Officer
Business Administration,Corporate Titles,President  
Industrial and Manufacturing,Industrial Occupations,Metalsmith
Industrial and Manufacturing,Industrial Occupations,Blacksmith
Industrial and Manufacturing,Industrial Occupations,Silversmith
Industrial and Manufacturing,Industrial Occupations,Jeweler
Industrial and Manufacturing,Industrial Occupations,Founder
Industrial and Manufacturing,Industrial Occupations,Production Machinist
Industrial and Manufacturing,Industrial Occupations,Manual Machine Tool Operator
Industrial and Manufacturing,Industrial Occupations,CNC Setup Hand
Industrial and Manufacturing,Industrial Occupations,CNC Operator
Industrial and Manufacturing,Industrial Occupations,Tool and Die Maker
Industrial and Manufacturing,Industrial Occupations,Moldmaker
Industrial and Manufacturing,Industrial Occupations,Patternmaker
Industrial and Manufacturing,Industrial Occupations,Modelmaker
Industrial and Manufacturing,Industrial Occupations,Steel erector
Industrial and Manufacturing,Industrial Occupations,Welder
Industrial and Manufacturing,Industrial Occupations,Boilermaker
Industrial and Manufacturing,Industrial Occupations,Pipefitter
Industrial and Manufacturing,Industrial Occupations,Millwright
Industrial and Manufacturing,Industrial Occupations,Blacksmith
Industrial and Manufacturing,Industrial Occupations,Gunsmith
Industrial and Manufacturing,Industrial Occupations,Marquetarian
Industrial and Manufacturing,Industrial Occupations,Farrier
Industrial and Manufacturing,Industrial Occupations,Furniture maker
Industrial and Manufacturing,Industrial Occupations,Pewterer
Industrial and Manufacturing,Industrial Occupations,Damascener
Industrial and Manufacturing,Industrial Occupations,Laborer
Industrial and Manufacturing,Industrial Occupations,Rigger
Industrial and Manufacturing,Industrial Occupations,Heavy Equipment Operator
Industrial and Manufacturing,Industrial Occupations,Shipping and Receiving Workers
Industrial and Manufacturing,Industrial Occupations,Forklift Drivers
Industrial and Manufacturing,Industrial Occupations,Packager
Industrial and Manufacturing,Industrial Occupations,Manager
Industrial and Manufacturing,Industrial Occupations,Quality Assurance Staff
Industrial and Manufacturing,Industrial Occupations,Weld Quality Assurance Staff
Industrial and Manufacturing,Industrial Occupations,Machining Quality Assurance Staff
Industrial and Manufacturing,Industrial Occupations,Metallurgist
Industrial and Manufacturing,Industrial Occupations,Miner
Industrial and Manufacturing,Industrial Occupations,Scrap Processor
Industrial and Manufacturing,Industrial Occupations,Union Representative
Industrial and Manufacturing,Industrial Occupations,Truck Driver
Industrial and Manufacturing,Industrial Occupations,Mechanical engineer
Industrial and Manufacturing,Industrial Occupations,Chemical engineer
Industrial and Manufacturing,Industrial Occupations,Industrial engineer
Industrial and Manufacturing,Industrial Occupations,Materials engineer
Industrial and Manufacturing,Industrial Occupations,Civil engineer
Industrial and Manufacturing,Industrial Occupations,Chief Mechanical Engineer
Industrial and Manufacturing,Industrial Occupations,Locomotive Superintendent 
Industrial and Manufacturing,Industrial Occupations,Guard
Industrial and Manufacturing,Industrial Occupations,Station agent
Industrial and Manufacturing,Industrial Occupations,Senior Station Superintendent
Industrial and Manufacturing,Industrial Occupations,Station Superintendent
Industrial and Manufacturing,Industrial Occupations,Deputy Station Superintendent
Industrial and Manufacturing,Industrial Occupations,Selected Station Master
Industrial and Manufacturing,Industrial Occupations,Senior Station Master
Industrial and Manufacturing,Industrial Occupations,Junior Station master
Industrial and Manufacturing,Industrial Occupations,Deputy Station Master
Industrial and Manufacturing,Industrial Occupations,Assistant Station Master
Industrial and Manufacturing,Industrial Occupations,Pointsman
Industrial and Manufacturing,Industrial Occupations,Porter
Industrial and Manufacturing,Industrial Occupations,Ticket controller
Industrial and Manufacturing,Industrial Occupations,Revenue Protection Inspector
Industrial and Manufacturing,Industrial Occupations,Ticket inspector
Industrial and Manufacturing,Industrial Occupations,Train dispatcher
Industrial and Manufacturing,Industrial Occupations,Dispatcher
Industrial and Manufacturing,Industrial Occupations,Freight Conductor
Industrial and Manufacturing,Industrial Occupations,Signalman
Industrial and Manufacturing,Industrial Occupations,Road foreman of engines
Industrial and Manufacturing,Industrial Occupations,Bridge inspector
Industrial and Manufacturing,Industrial Occupations,Gandy dancer
Industrial and Manufacturing,Industrial Occupations,Length runner
Industrial and Manufacturing,Industrial Occupations,Railway lubricator
Industrial and Manufacturing,Industrial Occupations,Section gangs
Industrial and Manufacturing,Industrial Occupations,Signal maintainer
Industrial and Manufacturing,Industrial Occupations,Track inspector
Industrial and Manufacturing,Industrial Occupations,Traquero
Industrial and Manufacturing,Industrial Occupations,Platelayer
Industrial and Manufacturing,Industrial Occupations,Navigator
Industrial and Manufacturing,Industrial Occupations,Track foreman
Industrial and Manufacturing,Industrial Occupations,Structure Maintainer
Industrial and Manufacturing,Industrial Occupations,Lighting Maintainer
Industrial and Manufacturing,Industrial Occupations,Escalator and Elevator Maintainer
Industrial and Manufacturing,Industrial Occupations,Electronic Equipment Maintainer
Industrial and Manufacturing,Industrial Occupations,Telephone Maintainer
Industrial and Manufacturing,Industrial Occupations,Turnstiles Maintainer
Industrial and Manufacturing,Industrial Occupations,"Mechanical Maintainer Group ""C"""
Industrial and Manufacturing,Industrial Occupations,"Mechanical Maintainer Group ""B"""
Industrial and Manufacturing,Industrial Occupations,Power Maintainer
Industrial and Manufacturing,Industrial Occupations,Boilerman
Industrial and Manufacturing,Industrial Occupations,Brakeman
Industrial and Manufacturing,Industrial Occupations,Bridge inspector
Industrial and Manufacturing,Industrial Occupations,Bridge tender
Industrial and Manufacturing,Industrial Occupations,Chief Mechanical Engineer
Industrial and Manufacturing,Industrial Occupations,Chief fireman
Industrial and Manufacturing,Industrial Occupations,Conductor
Industrial and Manufacturing,Industrial Occupations,Carmen
Industrial and Manufacturing,Industrial Occupations,Dispatcher
Industrial and Manufacturing,Industrial Occupations,Train dispatching
Industrial and Manufacturing,Industrial Occupations,Engine driver
Industrial and Manufacturing,Industrial Occupations,Fettler: Railway Maintenance Worker
Industrial and Manufacturing,Industrial Occupations,Fireman
Industrial and Manufacturing,Industrial Occupations,Flagman
Industrial and Manufacturing,Industrial Occupations,Freight Conductor
Industrial and Manufacturing,Industrial Occupations,Ganger
Industrial and Manufacturing,Industrial Occupations,Geoff
Industrial and Manufacturing,Industrial Occupations,Geotechnical Engineer
Industrial and Manufacturing,Industrial Occupations,Length runner
Industrial and Manufacturing,Industrial Occupations,Locomotive Superintendent
Industrial and Manufacturing,Industrial Occupations,Locomotive engineer
Industrial and Manufacturing,Industrial Occupations,Platelayer
Industrial and Manufacturing,Industrial Occupations,Porter
Industrial and Manufacturing,Industrial Occupations,Railroad engineer (engine driver)
Industrial and Manufacturing,Industrial Occupations,Railway lubricator
Industrial and Manufacturing,Industrial Occupations,Revenue Protection Inspector
Industrial and Manufacturing,Industrial Occupations,Road foreman of engines
Industrial and Manufacturing,Industrial Occupations,Section gang
Industrial and Manufacturing,Industrial Occupations,Secondman
Industrial and Manufacturing,Industrial Occupations,Signal maintainer
Industrial and Manufacturing,Industrial Occupations,Signalman
Industrial and Manufacturing,Industrial Occupations,Station agent
Industrial and Manufacturing,Industrial Occupations,Station master
Industrial and Manufacturing,Industrial Occupations,Track foreman
Industrial and Manufacturing,Sewing Occupations,Bookbinder
Industrial and Manufacturing,Sewing Occupations,Cordwainer
Industrial and Manufacturing,Sewing Occupations,Corsetier
Industrial and Manufacturing,Sewing Occupations,Draper
Industrial and Manufacturing,Sewing Occupations,Dressmaker
Industrial and Manufacturing,Sewing Occupations,Embroiderer
Industrial and Manufacturing,Sewing Occupations,Glover
Industrial and Manufacturing,Sewing Occupations,Hatter
Industrial and Manufacturing,Sewing Occupations,Leatherworker
Industrial and Manufacturing,Sewing Occupations,Milliner
Industrial and Manufacturing,Sewing Occupations,Parachute rigger
Industrial and Manufacturing,Sewing Occupations,Quilter
Industrial and Manufacturing,Sewing Occupations,Sailmaker
Industrial and Manufacturing,Sewing Occupations,Seamstress
Industrial and Manufacturing,Sewing Occupations,Shoemaker
Industrial and Manufacturing,Sewing Occupations,Tailor
Industrial and Manufacturing,Sewing Occupations,Taxidermist
Industrial and Manufacturing,Sewing Occupations,Upholsterer
Law Enforcment,Law Enformcent Occupations,Detectives
Law Enforcment,Law Enformcent Occupations,Bailiff
Law Enforcment,Law Enformcent Occupations,Bodyguard
Law Enforcment,Law Enformcent Occupations,Bylaw enforcement officer
Law Enforcment,Law Enformcent Occupations,Community service officer
Law Enforcment,Law Enformcent Occupations,Conservation officer
Law Enforcment,Law Enformcent Occupations,Constable
Law Enforcment,Law Enformcent Occupations,Correction officer
Law Enforcment,Law Enformcent Occupations,Council ranger
Law Enforcment,Law Enformcent Occupations,Customs officer
Law Enforcment,Law Enformcent Occupations,Field training officer
Law Enforcment,Law Enformcent Occupations,Field warden
Law Enforcment,Law Enformcent Occupations,Law enforcement officer
Law Enforcment,Law Enformcent Occupations,Lensmann
Law Enforcment,Law Enformcent Occupations,Military police officer
Law Enforcment,Law Enformcent Occupations,Municipal police officer
Law Enforcment,Law Enformcent Occupations,National Park Service ranger
Law Enforcment,Law Enformcent Occupations,Park ranger
Law Enforcment,Law Enformcent Occupations,Parking enforcement officer
Law Enforcment,Law Enformcent Occupations,Police officer
Law Enforcment,Law Enformcent Occupations,Prison officer
Law Enforcment,Law Enformcent Occupations,Prison warden
Law Enforcment,Law Enformcent Occupations,Private investigator
Law Enforcment,Law Enformcent Occupations,Probation and parole officer
Law Enforcment,Law Enformcent Occupations,Military Police Provost
Law Enforcment,Law Enformcent Occupations,Regimental police
Law Enforcment,Law Enformcent Occupations,Revenue protection inspector
Law Enforcment,Law Enformcent Occupations,Riding officer
Law Enforcment,Law Enformcent Occupations,Sea marshal
Law Enforcment,Law Enformcent Occupations,Security guard
Law Enforcment,Law Enformcent Occupations,Sheriffs in the United States
Law Enforcment,Law Enformcent Occupations,Sky marshal
Law Enforcment,Law Enformcent Occupations,Special agent
Law Enforcment,Law Enformcent Occupations,Special constable
Law Enforcment,Law Enformcent Occupations,Special police
Law Enforcment,Law Enformcent Occupations,Tipstaff
Science and Technology,Computer Occupations,A/B tester
Science and Technology,Computer Occupations,Application analyst
Science and Technology,Computer Occupations,Business analyst
Science and Technology,Computer Occupations,Computer operator
Science and Technology,Computer Occupations,Computer repair technician
Science and Technology,Computer Occupations,Computer scientist
Science and Technology,Computer Occupations,Computer analyst
Science and Technology,Computer Occupations,Data entry clerk
Science and Technology,Computer Occupations,Database administrator
Science and Technology,Computer Occupations,Data analyst
Science and Technology,Computer Occupations,Data designer
Science and Technology,Computer Occupations,Data scientist
Science and Technology,Computer Occupations,Hardware engineer
Science and Technology,Computer Occupations,Information systems technician
Science and Technology,Computer Occupations,IT assistant
Science and Technology,Computer Occupations,IT consultant
Science and Technology,Computer Occupations,Network analyst
Science and Technology,Computer Occupations,Network administrator
Science and Technology,Computer Occupations,Programmer
Science and Technology,Computer Occupations,Product manager
Science and Technology,Computer Occupations,Project manager
Science and Technology,Computer Occupations,Rapid prototyper
Science and Technology,Computer Occupations,Scrum master
Science and Technology,Computer Occupations,Security engineer
Science and Technology,Computer Occupations,Software analyst
Science and Technology,Computer Occupations,Software architect
Science and Technology,Computer Occupations,Software design
Science and Technology,Computer Occupations,Software engineer
Science and Technology,Computer Occupations,Software project manager
Science and Technology,Computer Occupations,Software quality analyst
Science and Technology,Computer Occupations,Software test engineer
Science and Technology,Computer Occupations,Solution architect
Science and Technology,Computer Occupations,Support technician
Science and Technology,Computer Occupations,System administrator
Science and Technology,Computer Occupations,Systems analyst
Science and Technology,Computer Occupations,Systems architect
Science and Technology,Computer Occupations,Test engineer
Science and Technology,Computer Occupations,User experience designer
Science and Technology,Computer Occupations,User interaction designer
Science and Technology,Computer Occupations,User researcher
Science and Technology,Computer Occupations,Video game developer
Science and Technology,Computer Occupations,Visual designer
Science and Technology,Computer Occupations,Virtual assistant
Science and Technology,Computer Occupations,Website administrator
Science and Technology,Computer Occupations,Web Developer
Science and Technology,Engineering Occupations,Biomolecular Engineer
Science and Technology,Engineering Occupations,Materials engineer
Science and Technology,Engineering Occupations,Molecular Engineer
Science and Technology,Engineering Occupations,Process Engineer
Science and Technology,Engineering Occupations,Corrosion Engineer
Science and Technology,Engineering Occupations,Environmental Engineer
Science and Technology,Engineering Occupations,Geotechnical Engineer
Science and Technology,Engineering Occupations,Structural Engineer
Science and Technology,Engineering Occupations,Transport Engineer
Science and Technology,Engineering Occupations,Utility Engineer
Science and Technology,Engineering Occupations,Water Resource Engineer
Science and Technology,Engineering Occupations,Electronic Engineer
Science and Technology,Engineering Occupations,Computer Engineer
Science and Technology,Engineering Occupations,Power Engineer
Science and Technology,Engineering Occupations,Optical Engineer
Science and Technology,Engineering Occupations,Electrical Engineer
Science and Technology,Engineering Occupations,Chemical Engineer
Science and Technology,Engineering Occupations,Civil engineer
Science and Technology,Engineering Occupations,Mechanical engineer
Science and Technology,Engineering Occupations,Acoustical Engineer
Science and Technology,Engineering Occupations,Manufacturing Engineer
Science and Technology,Engineering Occupations,Optomechanical Engineer
Science and Technology,Engineering Occupations,THermal Engineer
Science and Technology,Engineering Occupations,Sports engineer
Science and Technology,Engineering Occupations,vehicle engineer
Science and Technology,Engineering Occupations,power plant engineer
Science and Technology,Engineering Occupations,industrial plant engineer
Science and Technology,Engineering Occupations,energy engineer
Science and Technology,Engineering Occupations,agricultural engineer
Science and Technology,Engineering Occupations,applied engineer
Science and Technology,Engineering Occupations,biomedical engineer
Science and Technology,Engineering Occupations,biomedical nanoengineer
Science and Technology,Engineering Occupations,biological engineer
Science and Technology,Engineering Occupations,building services engineer
Science and Technology,Engineering Occupations,energy engineer
Science and Technology,Engineering Occupations,information engineer
Science and Technology,Engineering Occupations,industrial engineer
Science and Technology,Engineering Occupations,mechatronics engineer
Science and Technology,Engineering Occupations,Engineering manager
Science and Technology,Engineering Occupations,military engineer
Science and Technology,Engineering Occupations,mining engineer
Science and Technology,Engineering Occupations,nanoengineer
Science and Technology,Engineering Occupations,quantum engineer
Science and Technology,Engineering Occupations,nuclear engineer
Science and Technology,Engineering Occupations,petroleum engineer
Science and Technology,Engineering Occupations,project engineer
Science and Technology,Engineering Occupations,railway engineer
Science and Technology,Engineering Occupations,software engineer
Science and Technology,Engineering Occupations,supply chain engineer
Science and Technology,Engineering Occupations,systems engineer
Science and Technology,Engineering Occupations,textile engineer
Science and Technology,Healthcare Occupations,Anesthesiologist
Science and Technology,Healthcare Occupations,Anesthesiology Fellow
Science and Technology,Healthcare Occupations,Nurse Anesthetist
Science and Technology,Healthcare Occupations,Respiratory Therapist
Science and Technology,Healthcare Occupations,Anesthesiologist Assistant
Science and Technology,Healthcare Occupations,Cardiologist
Science and Technology,Healthcare Occupations,Cardiology Fellow
Science and Technology,Healthcare Occupations,Cardiology Physician Assistant
Science and Technology,Healthcare Occupations,Cardiac Scientist
Science and Technology,Healthcare Occupations,Cardiovascular Technologist
Science and Technology,Healthcare Occupations,Intensivist
Science and Technology,Healthcare Occupations,Neonatologist
Science and Technology,Healthcare Occupations,Physician Assistant
Science and Technology,Healthcare Occupations,Nurse Practitioner
Science and Technology,Healthcare Occupations,Registered Nurse
Science and Technology,Healthcare Occupations,Critical Care Respiratory Therapist
Science and Technology,Healthcare Occupations,Dentist
Science and Technology,Healthcare Occupations,Dental Hygienist
Science and Technology,Healthcare Occupations,Dental Assistant
Science and Technology,Healthcare Occupations,Dental Technician
Science and Technology,Healthcare Occupations,Dermatologist
Science and Technology,Healthcare Occupations,Dermatology Physician Assistant
Science and Technology,Healthcare Occupations,Dietitian
Science and Technology,Healthcare Occupations,Emergency physician
Science and Technology,Healthcare Occupations,Emergency Physician Assistant
Science and Technology,Healthcare Occupations,Emergency Nurse Practitioner
Science and Technology,Healthcare Occupations,Flight Nurse
Science and Technology,Healthcare Occupations,Certified Emergency Registered Nurse
Science and Technology,Healthcare Occupations,Certified Emergency Registered Respiratory Therapist
Science and Technology,Healthcare Occupations,Emergency Medical Technician
Science and Technology,Healthcare Occupations,Endocrinologist
Science and Technology,Healthcare Occupations,Endocrinology Physician Assistant
Science and Technology,Healthcare Occupations,Gastroenterologist
Science and Technology,Healthcare Occupations,Gastroenterology Physician Assistant
Science and Technology,Healthcare Occupations,Genetic Counselor/Counsellor
Science and Technology,Healthcare Occupations,Geriatrician
Science and Technology,Healthcare Occupations,Geriatric Medicine Physician Assistant
Science and Technology,Healthcare Occupations,Gerontological Nurse Practitioner
Science and Technology,Healthcare Occupations,Occupational Therapist
Science and Technology,Healthcare Occupations,Haematologist
Science and Technology,Healthcare Occupations,Haematology Physician Assistant
Science and Technology,Healthcare Occupations,Medical Laboratory Technician
Science and Technology,Healthcare Occupations,Phlebotomist
Science and Technology,Healthcare Occupations,Nephrologist
Science and Technology,Healthcare Occupations,Nephrology Physician Assistant
Science and Technology,Healthcare Occupations,Dialysis Technician
Science and Technology,Healthcare Occupations,Neurologist
Science and Technology,Healthcare Occupations,Neurology Physician assistant
Science and Technology,Healthcare Occupations,Occupational Therapist
Science and Technology,Healthcare Occupations,Speech Language Pathologist
Science and Technology,Healthcare Occupations,Audiologist
Science and Technology,Healthcare Occupations,Neuropsychologist
Science and Technology,Healthcare Occupations,Oncologist
Science and Technology,Healthcare Occupations,Oncology Physician Assistant
Science and Technology,Healthcare Occupations,Radiation Therapist
Science and Technology,Healthcare Occupations,Ophthalmologist
Science and Technology,Healthcare Occupations,Eye Surgery
Science and Technology,Healthcare Occupations,Optometrist
Science and Technology,Healthcare Occupations,Occupational Therapist- Low Vision Rehab
Science and Technology,Healthcare Occupations,Otolaryngologist
Science and Technology,Healthcare Occupations,Otorhinolaryngology Physician assistant
Science and Technology,Healthcare Occupations,Healthcare Chaplain
Science and Technology,Healthcare Occupations,Pathologist
Science and Technology,Healthcare Occupations,Pulmonologist
Science and Technology,Healthcare Occupations,General practitioner
Science and Technology,Healthcare Occupations,Primary care physician
Science and Technology,Healthcare Occupations,Internist
Science and Technology,Healthcare Occupations,Physician assistant
Science and Technology,Healthcare Occupations,Family nurse practitioner
Science and Technology,Healthcare Occupations,Pharmacist
Science and Technology,Healthcare Occupations,Community Health practitioner'
Science and Technology,Healthcare Occupations,Pediatrician
Science and Technology,Healthcare Occupations,Neonatologist
Science and Technology,Healthcare Occupations,Occupational Therapist
Science and Technology,Healthcare Occupations,Pediatric Nurse
Science and Technology,Healthcare Occupations,Pharmacist
Science and Technology,Healthcare Occupations,Pharmacy technician
Science and Technology,Healthcare Occupations,Podiatric Surgeon
Science and Technology,Healthcare Occupations,Podiatrist
Science and Technology,Healthcare Occupations,Chiropodist
Science and Technology,Healthcare Occupations,Psychiatrist
Science and Technology,Healthcare Occupations,Psychologist
Science and Technology,Healthcare Occupations,Social Worker
Science and Technology,Healthcare Occupations,Mental Health Counselor
Science and Technology,Healthcare Occupations,Medical Officer of Health
Science and Technology,Healthcare Occupations,Environmental Health Officer
Science and Technology,Healthcare Occupations,Epidemiologist
Science and Technology,Healthcare Occupations,Public Health Nurse
Science and Technology,Healthcare Occupations,Orthopedic Physician
Science and Technology,Healthcare Occupations,Sport Psychologist
Science and Technology,Healthcare Occupations,Physical Therapist
Science and Technology,Healthcare Occupations,Occupational Therapist
Science and Technology,Healthcare Occupations,Orthopaedic Physician´s Assistant
Science and Technology,Healthcare Occupations,Physical Therapy Assistant
Science and Technology,Healthcare Occupations,Occupational Therapy Assistant
Science and Technology,Healthcare Occupations,Prosthetist
Science and Technology,Healthcare Occupations,Chiropractor
Science and Technology,Healthcare Occupations,Biokineticist
Science and Technology,Healthcare Occupations,Athletic Trainer
Science and Technology,Healthcare Occupations,Yoga Instructor
Science and Technology,Healthcare Occupations,Massage Therapist
Science and Technology,Healthcare Occupations,Radiologist
Science and Technology,Healthcare Occupations,Radiology Physician's Assistant
Science and Technology,Healthcare Occupations,Radiotherapist
Science and Technology,Healthcare Occupations,Radiographer
Science and Technology,Healthcare Occupations,CT Radiographer
Science and Technology,Healthcare Occupations,Interventional Radiographer
Science and Technology,Healthcare Occupations,Mammographer
Science and Technology,Healthcare Occupations,Neuroradiographer
Science and Technology,Healthcare Occupations,Medical Dosimetry Technologist
Science and Technology,Healthcare Occupations,Radiologist Practitioner Assistant
Science and Technology,Healthcare Occupations,Reporting Radiographer
Science and Technology,Healthcare Occupations,Sonographer
Science and Technology,Healthcare Occupations,Obstetrician
Science and Technology,Healthcare Occupations,Gynaecologist
Science and Technology,Healthcare Occupations,OB/GYN Physician Assistant
Science and Technology,Healthcare Occupations,Women's Health Nurse Practitioner
Science and Technology,Healthcare Occupations,Nurse-Midwife
Science and Technology,Healthcare Occupations,Midwife
Science and Technology,Healthcare Occupations,Lactation consultant
Science and Technology,Healthcare Occupations,General Doctor
Science and Technology,Healthcare Occupations,Bariatric Surgeon
Science and Technology,Healthcare Occupations,Cardiothoracic surgeon
Science and Technology,Healthcare Occupations,Cardiac Surgeon
Science and Technology,Healthcare Occupations,Hepatic Biliary Pancreatic Surgeon
Science and Technology,Healthcare Occupations,Neurosurgeon
Science and Technology,Healthcare Occupations,Podiatric Surgeon
Science and Technology,Healthcare Occupations,Surgery Physician Assistant
Science and Technology,Healthcare Occupations,Urologist
Science and Technology,Healthcare Occupations,Urology Physician Assistant
Science and Technology,Scientific Occupations,Biologist
Science and Technology,Scientific Occupations,Biomedical scientist[1]
Science and Technology,Scientific Occupations,Botanist
Science and Technology,Scientific Occupations,Clinical pharmaceutical scientist
Science and Technology,Scientific Occupations,Herpetologist
Science and Technology,Scientific Occupations,Medical laboratory scientist
Science and Technology,Scientific Occupations,Microbiologist
Science and Technology,Scientific Occupations,Neuroscientist
Science and Technology,Scientific Occupations,Physician
Science and Technology,Scientific Occupations,Veterinarian
Science and Technology,Scientific Occupations,Zoologist
Science and Technology,Scientific Occupations,Aeronautical engineer
Science and Technology,Scientific Occupations,Biomedical engineer
Science and Technology,Scientific Occupations,Chemical engineer
Science and Technology,Scientific Occupations,Civil engineer
Science and Technology,Scientific Occupations,Computer engineer
Science and Technology,Scientific Occupations,Educational technologist[2]
Science and Technology,Scientific Occupations,Electrical engineer
Science and Technology,Scientific Occupations,Engineering technician
Science and Technology,Scientific Occupations,Engineering technologist
Science and Technology,Scientific Occupations,Mechanical engineer
Science and Technology,Scientific Occupations,Petrochemical engineer
Science and Technology,Scientific Occupations,Computational Scientist
Science and Technology,Scientific Occupations,Mathematician
Science and Technology,Scientific Occupations,Actuary
Science and Technology,Scientific Occupations,Demographic marketer
Science and Technology,Scientific Occupations,Statistician
Science and Technology,Scientific Occupations,Forensic scientist
Science and Technology,Scientific Occupations,Gentleman scientist
Science and Technology,Scientific Occupations,Government scientist
Science and Technology,Scientific Occupations,Healthcare science
Science and Technology,Scientific Occupations,Inventor
Science and Technology,Scientific Occupations,Psychologist
Science and Technology,Scientific Occupations,Research fellow
Science and Technology,Scientific Occupations,School science technician
Science and Technology,Scientific Occupations,Science attaché
Science and Technology,Scientific Occupations,Scientist
Science and Technology,Scientific Occupations,Archaeologist
Science and Technology,Scientific Occupations,Astronaut
Science and Technology,Scientific Occupations,Astronomer
Science and Technology,Scientific Occupations,Biochemist
Science and Technology,Scientific Occupations,Biologist
Science and Technology,Scientific Occupations,Chemist
Science and Technology,Scientific Occupations,Ecologist[8]
Science and Technology,Scientific Occupations,Forester
Science and Technology,Scientific Occupations,Geographer
Science and Technology,Scientific Occupations,Naturalist
Science and Technology,Scientific Occupations,Oceanographer
Science and Technology,Scientific Occupations,Paleontologist
Science and Technology,Scientific Occupations,Pathologist
Science and Technology,Scientific Occupations,Chemist
Science and Technology,Scientific Occupations,Physicist
Science and Technology,Scientific Occupations,Geographer
Science and Technology,Scientific Occupations,Geologist
Science and Technology,Scientific Occupations,Geoprofessions
Science and Technology,Scientific Occupations,Petroleum geologist
Science and Technology,Scientific Occupations,Anthropologist
Science and Technology,Scientific Occupations,Economist
Science and Technology,Scientific Occupations,Historian
Science and Technology,Scientific Occupations,Linguist
Science and Technology,Scientific Occupations,Political scientist
Science and Technology,Scientific Occupations,Sociologist
Science and Technology,Scientific Occupations,Urban planner